no,poi,kategori,rating,jam_buka,citra
1,Ahli Gigi Sinar Jaya,kesehatan,,,Jan2026
2,Tukang Gigi Rapi Dental Kranji,kesehatan,,,Jan2026
3,Dr. Wardison,kesehatan,4.2(5),,Jan2026
4,Apotek Amanah Farma,apotek,,,Jan2026
5,Apotek Pemuda 30 (+5 klinik),apotek,4.5(60),07.00,Jan2026
6,Pengobatan Hijau Daun,klinik,4.0(1),09.00,Jan2026
7,Warkop Kang Eman,F&B,5.0(6),24jam,Jan2026
8,RM Sari Murni,F&B,3.0(1),08.00,Jan2026
9,Warkop abie,F&B,5.0(1),,Jan2026
10,Toko Snack Mirza Jaya,F&B,5.0(1),08.00,Jan2026
11,Nginum,F&B,,,Jan2026
12,Warung Udin / Pecel Lele Mas Iyan,F&B,,,Jan2026
13,Warung Nasi Berkah,F&B,4.6(12),24jam,Jan2026
14,Mie Ayam Bakso Rudal BRI,F&B,,,Jan2026
15,Sate Salamun Pasar Kranji,F&B,,,Jan2026
16,Andalas Cell,celluler,,,Jan2026
17,Aflaha Cell,celluler,4.0(22),24jam,Jan2026
18,Hallo Phone,celluler,5.0(5),09.00,Jan2026
19,Happy Cell,celluler,,,Jan2026
20,Syarrif Photocopy,jasa_copy,,,Jan2026
21,Canon imageRUNNER copier (kios),jasa_copy,,,Jan2026
22,AZKA 33 Variasi (wrapping),jasa_otomotif,4.6(42),10.00,Jan2026
23,AJM JOK KRANJI,jasa_otomotif,,,Jan2026
24,Deft Barbershop cab.78 Pemuda,jasa_barber,,,Jan2026
25,Kranji helm,ritel_helm,,,Jan2026
26,Warung Alvin,ritel_sembako,,,Jan2026
27,Toko kiki sembako,ritel_sembako,,,Jan2026
28,Anum Collections,ritel,,,Jan2026
29,Toko Mitra Susu 2,ritel,,,Jan2026
30,Toko Dona Plastik,ritel_plastik,,,Jan2026
31,Toko Plastik Jaya Kusuma,ritel_plastik,4.8(11),08.00,Jan2026
32,Toko Aneka Makmur,ritel_rumah,4.5(8),09.00,Jan2026
33,Garuda Jaya perabot & elektronik,ritel_rumah,5.0(9),08.30,Jan2026
34,Toko Asia Mega,ritel_rumah,,,Jan2026
35,Asia Afrika,ritel_rumah,4.0(5),08.00,Jan2026
36,Distributor Kasur Busa Quantum Indac,ritel_furnitur,,,Jan2026
37,TB. Win Jaya,material_bangunan,4.3(65),07.00,Jan2026
38,TOKO BERKAT KRANJI,ritel_pasar,,,Jan2026
39,Toko Giat Makmur (grosir pisang),grosir_hasil_bumi,4.2(5),09.00,Apr2025
40,Bank BRI ATM - Alfamart Pemuda Kranji,finansial,,,Jan2026
41,GADAI ELEKTRONIK (bunga 5%),finansial_gadai,,,Jan2026