no,cluster,poi,kategori,rating,citra
1,BlokM,Pro Healthy Clinic,klinik,,May2025
2,BlokM,Hiyori Japanese Restaurant,F&B,,May2025
3,BlokM,Wijaya Musik,toko musik,4.4(207),Jun2025
4,BlokM,MG Sports & Music,toko musik,4.6(1146),Jun2025
5,BlokM,Raja Golf Kantor Pusat,ritel,,Jun2025
6,BlokM,FIT HUB Blok M,gym,,Jun2025
7,BlokM,Optik Seis Signature,optik,4.8(302),Jun2025
8,BlokM,Amaris Hotel Panglima Polim,hotel,,Jun2025
9,BlokM,Dolar Indo Money Changer,finansial,,Aug2025
10,BlokM,Melawai Raya 9 (gedung mangkrak),vacant,,May2025
11,BlokM,Blok M Square plaza,mall,,Aug2024
12,BlokM,Circle K + plang POLISI,ritel,,Aug2024
13,BlokM,OPTIK AYU blokM pusat,optik,4.0(6),Aug2024
14,BlokM,Sudut/MakanQ Blok M,F&B,3.7(146),Aug2024
15,BlokM,Oki salon,salon,3.8(13),Aug2024
16,BlokM,RM Soni Masakan Padang,F&B,2.9(9),Aug2024
17,BlokM,Gedung LIA Blok M,sekolah,4.5(51),Jun2025
18,BlokM,Kopi Warung Tinggi,kafe,4.6(1400),Jun2025
19,BlokM,Halte LIA,transit,,Jun2025
20,Ancol,Ecopark sign/Jl. Gerbang Ancol,landmark,,May2025
21,Ancol,Pasar Seni (Passar Senii 2026),pasar,,May2025
22,Ancol,Roundabout Aquarium + patung low-poly,landmark,,May2025
23,Ancol,Studio B910 foto/videografi,jasa,,May2025
24,Ancol,Leather Work Hadi Sukirno,kriya,5.0(2),May2025
25,Ancol,Kafe mural (foto Jeffry),kafe,,Mar2022
26,Ancol,Handoyo Pelukis/Studio Handoyo,seni,,May2025
27,Ancol,Café JRT,kafe,4.7(105),May2025
28,Ancol,Pengrajin Kayu Ali Sastro,kriya,,May2025
29,Ancol,zilie karikatur & lukis wajah,seni,5.0(24),May2025
30,Ancol,Galeri Pasar Seni Ancol,galeri,4.5(11),May2025
31,Ancol,Beach Food Court,F&B,,Jan(contrib)
32,Ancol,Gerbang Ancol No.1 plaza,gateway,,May2025
33,Galaxy,10 Jl. Taman Cendana (spanduk Ramadhan),residensial,,Apr2021
34,Galaxy,Nc Galaxy Club,kafe,4.8(42),May2025
35,Galaxy,Martabak Hars,F&B,,May2025
36,Galaxy,3 Jl. Taman Seruni I (modern),residensial,,Mar2025
37,Galaxy,3 Jl. Taman Seruni I (klasik mewah),residensial,,Mar2025
38,Galaxy,Bhumii Galaxy florist,ritel,,May2025
39,Galaxy,Handaru Corner (HC),UNVERIFIED,,Dec2023
40,Galaxy,2 Gg. Pratama (graffiti),UNVERIFIED,,Jun2025
41,Kranji,Ahli Gigi Sinar Jaya,kesehatan,,Jan2026
42,Kranji,Kranji helm,ritel,,Jan2026
43,Kranji,Tukang gigi Rapi Dental,kesehatan,,Jan2026
44,Kranji,Warkop Kang Eman,kafe,5.0(6),Jan2026
45,Kranji,AJM JOK KRANJI,jasa,,Jan2026
46,Kranji,RM Sari Murni,F&B,3.0(1),Jan2026
47,Kranji,Syarrif Photocopy,jasa,,Jan2026
48,Kranji,Warung Alvin,groseri,,Jan2026
49,Kranji,BRI ATM Alfamart Pemuda Kranji,finansial,,Jan2026
50,Kranji,Andalas Cell,konter,,Jan2026
51,Kranji,Anum Collections,ritel,,Jan2026
52,Kranji,Warkop abie,kafe,5.0(1),Jan2026
53,Kranji,Dr. Wardison,kesehatan,4.2(5),Jan2026
54,Kranji,Kasur Busa Quantum Indac,furnitur,,Jan2026
55,Kranji,AZKA 33 Variasi (wrapping),jasa,4.6(42),Jan2026
56,Kranji,Apotek Amanah Farma,apotek,,Jan2026
57,Kranji,Apotek Pemuda 30 (+5 klinik),apotek,4.5(60),Jan2026
58,Kranji,Pengobatan Hijau Daun,klinik,4.0(1),Jan2026
59,Kranji,Toko Snack Mirza Jaya,pastry,5.0(1),Jan2026
60,Kranji,Toko Dona Plastik,ritel,,Jan2026
61,Kranji,Nginum,kafe,,Jan2026
62,Kranji,Toko Mitra Susu 2,ritel,,Jan2026
63,Kranji,Aflaha Cell,konter,4.0(22),Jan2026
64,Kranji,Warung Udin/Pecel Lele Mas Iyan,F&B,,Jan2026
65,Kranji,Garuda Jaya perabot & elektronik,furnitur,5.0(9),Jan2026
66,Kranji,Toko kiki sembako,groseri,,Jan2026
67,Kranji,TB. Win Jaya,material bangunan,4.3(65),Jan2026
68,Kranji,Toko Plastik Jaya Kusuma,ritel,4.8(11),Jan2026
69,Kranji,Sate Salamun Pasar Kranji,F&B,,Jan2026
70,Kranji,TOKO BERKAT KRANJI,ritel pasar,,Jan2026